Time,Latitude,Longitude
26/03/2018 17:26,509784079,58447287
26/03/2018 16:42,509783775,584455
26/03/2018 16:39,509778079,58453339
26/03/2018 16:37,509656987,58412242
26/03/2018 16:31,509613345,5787031
26/03/2018 16:27,509136007,57656245
26/03/2018 16:24,508646626,57211423
26/03/2018 16:20,508545348,57056057
26/03/2018 16:18,508516368,57062206
26/03/2018 16:14,508506552,5706286
26/03/2018 16:12,508555746,57066393
26/03/2018 16:09,508863925,57396141
26/03/2018 16:07,508978194,57496525
26/03/2018 16:04,509270998,57763427
26/03/2018 15:58,509531162,56945508
26/03/2018 15:54,509632283,5614129
26/03/2018 15:49,509922879,54950659
26/03/2018 15:43,510121405,53571182
26/03/2018 15:41,51009398,53064921
26/03/2018 15:39,510021256,52549134
26/03/2018 15:35,510002995,52327759
26/03/2018 15:32,510000308,52302104
26/03/2018 15:29,509761814,51363277
26/03/2018 15:28,509759944,51356631
26/03/2018 15:25,509976464,52075659
26/03/2018 15:22,509761513,5136217
26/03/2018 15:19,509612974,50749038
26/03/2018 15:15,509568295,49811385
26/03/2018 15:12,509597179,49017739
26/03/2018 15:08,509637333,48259149
26/03/2018 15:06,509474212,47785504
26/03/2018 15:04,509264681,47371155
26/03/2018 15:02,509031258,47059947
26/03/2018 15:00,508809071,46699627
26/03/2018 14:58,508560237,46413297
26/03/2018 14:56,508619577,46036176
26/03/2018 14:53,508689238,45534801
26/03/2018 14:51,508693426,4500139
26/03/2018 14:49,508729838,44660778
26/03/2018 14:47,508889963,44558974
26/03/2018 14:45,508960009,44783063
26/03/2018 14:42,508980166,4478938
26/03/2018 14:37,50898746,44835845
26/03/2018 14:31,508981945,44832334
26/03/2018 14:13,508988075,44837147
26/03/2018 14:07,508991461,44847479
26/03/2018 14:02,508990733,44846166
26/03/2018 14:02,508992368,44849613
26/03/2018 13:48,508488464,44851685
26/03/2018 06:31,25267735,553411146
26/03/2018 06:02,252634953,553447814
26/03/2018 05:58,252633453,553400343
26/03/2018 05:56,252594042,553409185
26/03/2018 05:51,252533386,553534708
26/03/2018 05:49,252511622,553586862
26/03/2018 03:36,252512368,553588254
26/03/2018 03:19,252512695,553583947
26/03/2018 03:17,252510691,553579434
26/03/2018 03:14,252490248,553605131
26/03/2018 03:13,252497352,553592665
26/03/2018 03:11,25249184,553598709
26/03/2018 02:59,252489427,553607178
26/03/2018 02:57,252484903,553614941
26/03/2018 02:53,252495,5536017
26/03/2018 02:48,252496647,553594371
26/03/2018 02:40,252491483,553600993
26/03/2018 02:37,252486923,553610314
26/03/2018 02:35,252484974,553614774
26/03/2018 02:30,252480237,553623099
26/03/2018 02:30,25248315,553617831
26/03/2018 02:29,252468327,5536439
26/03/2018 02:18,252476438,553630084
26/03/2018 02:10,252473098,553636359
26/03/2018 02:07,252467848,553642312
26/03/2018 02:00,252462918,553650692
26/03/2018 01:54,252463212,553653188
25/03/2018 14:18,357696088,1403920365
25/03/2018 14:09,357694554,1403916743
25/03/2018 14:06,357714072,1403912629
25/03/2018 14:02,357713024,1403903673
25/03/2018 14:00,35773989,1403893479
25/03/2018 13:34,357743692,1403892625
25/03/2018 13:22,357744632,1403891227
25/03/2018 13:18,357727913,1403898286
25/03/2018 13:13,357725394,1403899542
25/03/2018 13:13,357737292,1403894586
25/03/2018 13:13,357741287,1403880568
25/03/2018 12:54,357741329,1403892068
25/03/2018 12:13,357740441,1403876507
25/03/2018 12:07,357795092,1403806675
25/03/2018 11:55,357741588,1403873892
25/03/2018 11:16,356979136,1400860962
25/03/2018 11:12,356838687,1400406548
25/03/2018 11:05,357004312,1399908413
25/03/2018 11:03,357008412,1399810445
25/03/2018 11:01,357116893,1399588861
25/03/2018 10:59,357210288,1399356858
25/03/2018 10:53,357509162,1398668113
25/03/2018 10:49,357484795,1398585184
25/03/2018 10:46,357467233,1398458857
25/03/2018 10:44,357449952,1398165521
25/03/2018 10:42,357444468,1397903045
25/03/2018 10:40,357362202,1397728915
25/03/2018 10:38,357283043,1397710607
25/03/2018 10:19,357112253,1397745076
25/03/2018 10:12,357112253,1397745076
25/03/2018 10:09,357083968,1398113442
25/03/2018 10:00,356910669,1397800117
25/03/2018 09:53,356911795,1397790959
25/03/2018 09:28,356914282,13978057
25/03/2018 09:20,356911524,1397792306
25/03/2018 09:10,356909214,1397787499
25/03/2018 08:55,356979338,1397753746
25/03/2018 08:30,3569806,1397753186
25/03/2018 08:24,356980024,1397751384
25/03/2018 08:18,356863979,1397824483
25/03/2018 07:51,35682708,1397614553
25/03/2018 07:47,356854639,1397602951
25/03/2018 07:40,356862266,1397600203
25/03/2018 07:36,356869417,1397554649
25/03/2018 07:33,356861211,139758095
25/03/2018 07:29,356853192,1397566418
25/03/2018 06:29,356868938,1397555114
25/03/2018 06:23,356880646,1397551099
25/03/2018 06:22,356899247,1397574258
25/03/2018 06:20,35688668,1397566657
25/03/2018 06:18,356892377,1397578723
25/03/2018 06:13,3569038,1397581076
25/03/2018 06:10,356905275,1397574572
25/03/2018 05:49,357065358,1397716487
25/03/2018 05:37,357114358,1397977994
25/03/2018 05:36,357134987,1397969685
25/03/2018 05:33,357128138,139797137
25/03/2018 05:17,357136852,1397970361
25/03/2018 03:45,356911072,1397806564
25/03/2018 03:07,356911763,139780619
25/03/2018 01:54,356911558,1397806383
25/03/2018 01:50,356911317,1397806746
25/03/2018 00:50,356911862,1397805918
24/03/2018 16:13,356911704,139780721
24/03/2018 16:10,356914127,1397792669
24/03/2018 16:08,356907756,1397784693
24/03/2018 16:08,35691102,1397791804
24/03/2018 15:54,356982538,1397743161
24/03/2018 15:52,356979733,1397749886
24/03/2018 15:23,356982915,1397738837
24/03/2018 15:19,356995244,1397741458
24/03/2018 15:15,356982538,1397743161
24/03/2018 15:11,356907424,1397784458
24/03/2018 15:04,356678026,1397722147
24/03/2018 14:51,356677674,1397721654
24/03/2018 12:59,356680667,1397722974
24/03/2018 12:56,356676037,1397717633
24/03/2018 12:53,356678308,1397722601
24/03/2018 12:46,3569117,1397803794
24/03/2018 12:42,356907912,1397784749
24/03/2018 12:36,356912446,1397795857
24/03/2018 10:50,35691115,1397806463
24/03/2018 10:48,356913472,139779738
24/03/2018 10:46,356907513,139778456
24/03/2018 10:45,356909768,1397790041
24/03/2018 10:39,356980202,139774934
24/03/2018 10:34,35697974,1397749603
24/03/2018 10:33,356984663,1397717452
24/03/2018 10:31,356979738,1397740042
24/03/2018 10:28,356986625,1397721806
24/03/2018 10:12,356984628,1397710525
24/03/2018 10:03,35698287,1397721998
24/03/2018 09:51,356985152,1397714458
24/03/2018 09:47,356992384,1397717756
24/03/2018 09:44,35699577,1397715623
24/03/2018 09:39,356984354,1397747511
24/03/2018 09:37,356985381,1397746089
24/03/2018 09:34,356990823,1397755274
24/03/2018 09:30,356911542,1397803865
24/03/2018 09:22,356913763,139779669
24/03/2018 08:26,356913429,1397807113
24/03/2018 08:24,356912937,139779661
24/03/2018 08:21,356907144,1397784228
24/03/2018 08:21,35690975,1397789697
24/03/2018 08:03,356583683,1398177346
24/03/2018 08:01,356461242,1398271655
24/03/2018 08:00,356461167,1398271752
24/03/2018 07:54,356461187,1398271559
24/03/2018 07:51,356440341,1398126516
24/03/2018 07:49,356392846,139800188
24/03/2018 07:46,356326651,1397923007
24/03/2018 07:44,356343727,139791702
24/03/2018 07:17,356325166,1397922262
24/03/2018 07:11,356302686,1397937198
24/03/2018 07:09,356322877,1397924003
24/03/2018 07:06,356303296,1397930963
24/03/2018 07:00,356302114,1397939014
24/03/2018 06:56,35630809,139795059
24/03/2018 06:56,356304481,1397946992
24/03/2018 06:55,356321577,1397977698
24/03/2018 06:51,356313639,1397969638
24/03/2018 06:46,356309672,1397978445
24/03/2018 06:37,356322825,1397986724
24/03/2018 06:19,356349467,1397959597
24/03/2018 06:12,356330433,1397985637
24/03/2018 06:08,356322703,1397977837
24/03/2018 06:01,357255227,1397168444
24/03/2018 05:58,356995058,1397392429
24/03/2018 05:55,35630819,1397948255
24/03/2018 05:52,35631202,1397964821
24/03/2018 05:39,356307777,1397950407
24/03/2018 05:35,356308637,1397949891
24/03/2018 05:31,356299619,1397944636
24/03/2018 05:27,356305876,1397931986
24/03/2018 05:25,356310127,1397931006
24/03/2018 05:21,356340101,1397914666
24/03/2018 05:18,356345092,1397916573
24/03/2018 05:14,356462507,1398274495
24/03/2018 04:58,356461877,1398271628
24/03/2018 04:52,356460055,1398269523
24/03/2018 04:50,3564438,139825
24/03/2018 04:47,356607971,1398143538
24/03/2018 04:25,356761219,1397773505
24/03/2018 04:15,356908174,1397784809
24/03/2018 04:09,356911541,1397804699
24/03/2018 03:44,356911367,1397791969
24/03/2018 03:41,356909121,1397801581
24/03/2018 01:54,356908363,1397818649
24/03/2018 01:52,356897058,1397812325
24/03/2018 01:50,35690035,1397806021
24/03/2018 01:37,356910244,13977999
23/03/2018 18:45,356912162,1397807341
23/03/2018 18:40,35690171,1397805981
23/03/2018 18:35,356910541,1397817789
23/03/2018 16:33,356912715,1397805763
23/03/2018 16:28,356914248,1397797923
23/03/2018 14:59,356908907,1397803341
23/03/2018 14:29,356913436,1397806042
23/03/2018 14:19,356911464,1397792227
23/03/2018 14:15,356913059,139779488
23/03/2018 14:13,356908071,1397784902
23/03/2018 14:12,356911385,1397792809
23/03/2018 14:09,35698082,1397744718
23/03/2018 14:07,356979609,1397749319
23/03/2018 14:04,35698142,1397740846
23/03/2018 14:01,356986075,1397740468
23/03/2018 13:59,35698097,1397744702
23/03/2018 13:55,356896498,1397784832
23/03/2018 13:41,356902121,1397787659
23/03/2018 13:37,356885898,1397788441
23/03/2018 13:33,356857978,1397752041
23/03/2018 13:30,356860096,1397759949
23/03/2018 12:45,356856764,139774895
23/03/2018 12:27,35685809,1397750986
23/03/2018 12:25,35685831,1397753619
23/03/2018 12:24,356872278,1397763663
23/03/2018 12:22,356878583,1397761124
23/03/2018 12:19,356891874,1397781139
23/03/2018 12:18,356911275,139780399
23/03/2018 12:17,356904734,1397800256
23/03/2018 12:13,356911686,1397806243
23/03/2018 12:04,356914778,1397806339
23/03/2018 11:27,356909522,1397804067
23/03/2018 10:56,356910891,1397807204
23/03/2018 10:41,356913279,139780411
23/03/2018 10:33,356912159,1397793699
23/03/2018 10:31,356913516,1397795847
23/03/2018 10:27,356911031,1397790814
23/03/2018 10:21,357022387,1397716064
23/03/2018 10:09,35703055,1397715695
23/03/2018 10:02,357025755,1397716888
23/03/2018 10:00,35701844,139771601
23/03/2018 09:56,356987452,1397714153
23/03/2018 09:54,357009423,1397710899
23/03/2018 09:51,356996617,1397714771
23/03/2018 09:37,356989081,1397714831
23/03/2018 09:14,35698125,1397713092
23/03/2018 09:09,35698317,1397740297
23/03/2018 09:05,356980635,1397731081
23/03/2018 08:59,356978621,1397749156
23/03/2018 08:53,356979519,1397750808
23/03/2018 08:48,356864037,1397824493
23/03/2018 08:42,356807891,1397811445
23/03/2018 08:39,356823726,1397810893
23/03/2018 08:38,356826749,1397852644
23/03/2018 08:35,356836782,1397840509
23/03/2018 08:31,356820132,1397863584
23/03/2018 08:27,356817993,1397862199
23/03/2018 08:23,35680008,139786911
23/03/2018 08:16,356979543,1397598632
23/03/2018 08:04,356788721,1397405473
23/03/2018 08:03,356788686,1397404497
23/03/2018 07:58,356788725,1397405655
23/03/2018 07:46,356927506,139736495
23/03/2018 07:24,356932738,1397366109
23/03/2018 07:14,35693304,1397366709
23/03/2018 07:07,356927329,1397362917
23/03/2018 07:03,356926109,1397362952
23/03/2018 06:22,357075849,1397958955
23/03/2018 06:12,357113099,1397743511
23/03/2018 06:08,357116902,1397746283
23/03/2018 06:06,357111362,1397741029
23/03/2018 06:04,357111338,1397740923
23/03/2018 06:00,35711232,139774287
23/03/2018 05:59,357121604,1397718092
23/03/2018 05:48,357120408,1397711473
23/03/2018 05:25,357120119,1397711542
23/03/2018 05:15,357123636,1397722167
23/03/2018 05:11,357122922,1397720132
23/03/2018 05:07,357126558,1397725043
23/03/2018 05:04,357157675,1397740146
23/03/2018 05:01,35716421,1397744805
23/03/2018 04:58,3571916,1397713955
23/03/2018 04:53,357190044,1397719863
23/03/2018 04:30,357191501,1397712538
23/03/2018 03:16,357193008,1397710605
23/03/2018 03:14,35719158,1397712917
23/03/2018 03:11,357192054,1397720692
23/03/2018 03:10,357191891,1397716368
23/03/2018 03:07,357179186,1397735398
23/03/2018 03:03,357171505,1397748693
23/03/2018 03:01,357164923,1397745046
23/03/2018 02:58,357154213,1397740062
23/03/2018 02:55,357141361,139773253
23/03/2018 02:52,357114611,1397742395
23/03/2018 02:45,357113592,139774232
23/03/2018 02:40,357113312,1397744346
23/03/2018 02:36,357124887,1397770721
23/03/2018 02:33,35712384,1397773364
23/03/2018 02:29,357123924,139776468
23/03/2018 02:15,356912037,1397806423
23/03/2018 02:14,356911448,1397797441
22/03/2018 14:52,356911356,1397806311
22/03/2018 14:44,356909572,1397809193
22/03/2018 14:35,356917034,1397820991
22/03/2018 14:32,356924413,1397824983
22/03/2018 14:30,356945221,1397852362
22/03/2018 14:27,356947165,1397851276
22/03/2018 14:24,356967464,1397864695
22/03/2018 13:09,356966209,139786472
22/03/2018 12:50,356966615,1397864832
22/03/2018 12:48,356970463,1397867399
22/03/2018 12:46,356963729,1397859942
22/03/2018 12:43,35696095,1397860732
22/03/2018 12:41,356938893,1397845104
22/03/2018 12:39,356922178,1397829211
22/03/2018 12:37,356911652,1397805153
22/03/2018 12:36,356914191,1397813353
22/03/2018 11:35,356913703,1397795843
22/03/2018 11:32,356911059,1397791203
22/03/2018 11:29,356910221,1397789524
22/03/2018 11:27,356863976,1397824476
22/03/2018 11:20,35668372,1397729625
22/03/2018 11:12,356751128,1397396658
22/03/2018 10:55,356912134,1397036877
22/03/2018 10:45,356915009,1397037052
22/03/2018 10:41,356912341,1397040616
22/03/2018 10:30,356688159,1397057545
22/03/2018 10:07,356691161,1397055872
22/03/2018 10:05,356691528,1397060481
22/03/2018 10:02,35668671,1397053585
22/03/2018 10:00,356682228,1397052259
22/03/2018 09:58,356663495,1397037746
22/03/2018 09:56,356648751,139702629
22/03/2018 09:54,356630244,1397014681
22/03/2018 09:51,356622563,1397007936
22/03/2018 09:48,356595573,1397007103
22/03/2018 09:46,356606378,1397008467
22/03/2018 09:27,356592704,1397019404
22/03/2018 09:24,356596871,1397024394
22/03/2018 09:22,35659222,1397023978
22/03/2018 09:14,356804023,1397061466
22/03/2018 08:55,357282678,1397188423
22/03/2018 08:41,357280903,1397183653
22/03/2018 08:07,357289239,139718871
22/03/2018 07:48,35727869,1397185847
22/03/2018 07:46,357282841,139718743
22/03/2018 07:42,357248537,1397187804
22/03/2018 07:29,356800426,1397420885
22/03/2018 07:16,35687586,1397655349
22/03/2018 06:44,35710203,1398108477
22/03/2018 06:38,357101497,1398111463
22/03/2018 06:34,35710293,1398099364
22/03/2018 06:26,357100503,1398101158
22/03/2018 06:17,357097343,139809306
22/03/2018 06:12,357362036,1398300337
22/03/2018 05:55,357098854,1398095115
22/03/2018 05:26,357097161,1398113932
22/03/2018 05:21,357105662,1398133523
22/03/2018 05:15,357105102,1398132825
22/03/2018 05:00,356907339,1397785235
22/03/2018 04:53,356983031,1397740715
22/03/2018 04:49,356986302,139774312
22/03/2018 04:44,356999334,1397715729
22/03/2018 04:41,356985272,1397713249
22/03/2018 04:29,356990975,1397714196
22/03/2018 04:21,356997016,1397714829
22/03/2018 04:19,357006285,1397715083
22/03/2018 04:14,357006483,1397716742
22/03/2018 04:08,357013503,1397719847
22/03/2018 03:52,357011392,139771687
22/03/2018 03:50,3569839,139772356
22/03/2018 03:42,356983697,1397723338
22/03/2018 03:39,357003619,1397713975
22/03/2018 03:32,35698366,1397723483
22/03/2018 03:15,356990514,1397714955
22/03/2018 03:13,356993675,1397716998
22/03/2018 03:07,356984075,1397718936
22/03/2018 03:04,35698576,1397714343
22/03/2018 03:01,356986445,1397715907
22/03/2018 02:58,356981585,1397714838
22/03/2018 02:57,356982711,139774417
22/03/2018 02:55,356976897,1397739045
22/03/2018 02:53,356984113,1397742287
22/03/2018 02:50,356994925,1397754373
22/03/2018 02:45,356984355,1397753576
22/03/2018 02:38,356911702,1397793447
21/03/2018 17:01,356910723,1397805296
21/03/2018 16:00,35691115,1397796721
21/03/2018 15:57,35691166,1397793867
21/03/2018 15:43,356980314,1397741173
21/03/2018 15:42,356973463,1397753084
21/03/2018 15:40,356987204,1397740043
21/03/2018 13:58,356980165,1397740879
21/03/2018 13:55,356986131,1397740434
21/03/2018 13:52,356981357,1397741296
21/03/2018 13:50,356914113,1397787954
21/03/2018 13:34,35690891,1397787088
21/03/2018 13:29,356913916,1397796437
21/03/2018 13:26,356910779,1397784387
21/03/2018 13:23,356920201,1397789596
21/03/2018 13:21,356927824,1397784906
21/03/2018 13:19,356952646,1397799454
21/03/2018 13:18,356943894,1397798774
21/03/2018 12:43,356954269,139780006
21/03/2018 11:30,356953851,1397800273
21/03/2018 11:13,356955209,1397798033
21/03/2018 11:10,356950424,1397799081
21/03/2018 11:08,356911075,139780595
21/03/2018 10:24,356911573,1397806291
21/03/2018 09:39,356911398,1397806696
21/03/2018 08:34,35691017,139780533
21/03/2018 08:11,356912084,1397804912
21/03/2018 08:08,35691439,1397797204
21/03/2018 08:05,35691238,1397796963
21/03/2018 07:54,356703557,1397613195
21/03/2018 07:35,356667434,1397307054
21/03/2018 07:32,356656158,1397299766
21/03/2018 07:04,356671943,1397306404
21/03/2018 06:57,356667087,1397300622
21/03/2018 06:39,356661791,1397306225
21/03/2018 06:31,356658181,1397303477
21/03/2018 06:17,356665316,1397311501
21/03/2018 06:10,356654358,1397297299
21/03/2018 05:29,356668717,1397312441
21/03/2018 05:26,356654589,1397297992
21/03/2018 05:23,356657772,1397304616
21/03/2018 05:21,356668615,139731292
21/03/2018 04:40,356672046,1397305886
21/03/2018 04:23,35667186,13973045
21/03/2018 04:20,356667016,1397300574
21/03/2018 04:18,356649411,1397263195
21/03/2018 03:45,356647752,1397264636
21/03/2018 03:38,35664788,1397264471
21/03/2018 03:15,356651517,1397257843
21/03/2018 03:05,356648862,139725994
21/03/2018 03:01,356647373,1397265875
21/03/2018 02:58,356647389,1397277072
21/03/2018 02:55,356649411,1397263195
21/03/2018 02:55,356651367,1397271722
21/03/2018 02:53,356646216,1397311548
21/03/2018 02:48,356627002,1397314554
21/03/2018 02:42,356620024,1397330196
21/03/2018 02:32,3568641,1397824349
21/03/2018 02:27,35686397,1397824467
21/03/2018 02:21,356864153,1397824301
21/03/2018 02:20,356909292,1397786286
21/03/2018 02:14,356911366,1397805851
21/03/2018 01:14,35691153,1397806498
20/03/2018 15:55,356911669,139780681
20/03/2018 15:27,356912275,1397805806
20/03/2018 15:24,356911749,1397792693
20/03/2018 15:21,356910528,1397794183
20/03/2018 15:16,356982279,1397743593
20/03/2018 15:14,356984809,1397743619
20/03/2018 14:02,356981107,1397741265
20/03/2018 14:00,356986871,1397739191
20/03/2018 13:57,356982588,1397743147
20/03/2018 13:54,356906853,1397791481
20/03/2018 13:50,356908019,1397784908
20/03/2018 13:46,356909074,1397787603
20/03/2018 13:43,356907306,1397804609
20/03/2018 13:39,356905868,1397797291
20/03/2018 13:37,356877493,1397810782
20/03/2018 13:30,356882999,1397806707
20/03/2018 12:40,356874459,1397813722
20/03/2018 12:28,356875827,1397811875
20/03/2018 12:25,35688039,1397798033
20/03/2018 12:23,356885965,139780547
20/03/2018 12:20,356911278,1397803749
20/03/2018 12:18,356892736,1397800466
20/03/2018 12:15,356898831,1397793903
20/03/2018 10:32,356911423,1397807509
20/03/2018 09:58,356913952,1397806379
20/03/2018 09:47,35690811,1397784922
20/03/2018 09:45,356905767,1397782904
20/03/2018 09:42,356906611,1397783708
20/03/2018 09:39,356890532,139786307
20/03/2018 09:27,356725035,1397621831
20/03/2018 09:21,356710177,1397510587
20/03/2018 09:15,356698957,1397095981
20/03/2018 09:10,356591911,1397007349
20/03/2018 09:06,356593302,1397006458
20/03/2018 09:01,356613104,1397003478
20/03/2018 08:55,356603657,1397006086
20/03/2018 08:27,356614228,1397003885
20/03/2018 08:23,356613983,1397003802
20/03/2018 08:22,356593244,13970063
20/03/2018 08:20,35660384,1397007885
20/03/2018 08:17,35659064,1397002026
20/03/2018 08:11,356587083,139700779
20/03/2018 08:03,356702346,1397170567
20/03/2018 08:00,356691648,1397159671
20/03/2018 07:58,356716395,1397129433
20/03/2018 07:08,356714082,139712689
20/03/2018 06:14,356721905,139712798
20/03/2018 06:10,35672392,1397127233
20/03/2018 06:04,356735603,1397125848
20/03/2018 06:02,35672536,1397126659
20/03/2018 05:59,356715,1397128667
20/03/2018 05:54,356716988,139713004
20/03/2018 05:50,356695953,1397162866
20/03/2018 05:40,356710057,1397221511
20/03/2018 05:35,356868346,1396948686
20/03/2018 05:25,356631033,1397318194
20/03/2018 05:20,356604999,1397293868
20/03/2018 05:18,356610992,1397295707
20/03/2018 05:15,35660148,1397299879
20/03/2018 05:09,356601662,1397298276
20/03/2018 05:04,356601873,1397298311
20/03/2018 03:21,356604667,1397290047
20/03/2018 03:09,356601811,1397298295
20/03/2018 02:53,356601716,1397299626
20/03/2018 02:48,356607062,1397296745
20/03/2018 02:36,356687636,1397441709
20/03/2018 02:31,356710255,1397698995
20/03/2018 02:23,356908635,1397785397
20/03/2018 02:16,356912099,1397805738
19/03/2018 17:33,356911825,1397806832
19/03/2018 15:56,356912641,1397806027
19/03/2018 15:49,35690593,1397803725
19/03/2018 13:59,356911305,1397806459
19/03/2018 13:56,356911461,13977936
19/03/2018 13:53,356907994,1397784912
19/03/2018 13:53,356912099,1397805738
19/03/2018 13:49,356966294,1397751436
19/03/2018 13:46,356960745,1397753535
19/03/2018 13:42,35712078,1397800718
19/03/2018 13:39,3568774,1397873413
19/03/2018 13:36,356876683,1397876927
19/03/2018 13:34,356873548,1397870729
19/03/2018 13:31,356876434,139787137
19/03/2018 13:28,356899482,1397849905
19/03/2018 13:26,356932234,1397851604
19/03/2018 13:25,35692241,139784904
19/03/2018 13:21,35693861,1397851236
19/03/2018 13:16,356965433,139785801
19/03/2018 13:14,356962177,1397855937
19/03/2018 13:05,356969309,1397860477
19/03/2018 12:01,356964444,1397854918
19/03/2018 11:48,356964795,1397859065
19/03/2018 11:44,356959235,1397853089
19/03/2018 11:41,356942102,1397833183
19/03/2018 11:39,356932328,1397823279
19/03/2018 11:38,356912305,139780263
19/03/2018 10:50,35691245,1397806175
19/03/2018 10:34,356911378,1397792001
19/03/2018 10:31,356908013,1397784907
19/03/2018 10:29,356910946,1397790108
19/03/2018 10:26,356799902,1397777432
19/03/2018 10:20,357055084,1397463697
19/03/2018 10:13,356987781,1397077065
19/03/2018 10:11,356798226,139713121
19/03/2018 10:06,357069343,1397957049
19/03/2018 09:59,356676845,1397247764
19/03/2018 09:53,356702426,1397054196
19/03/2018 09:48,356687547,1397053317
19/03/2018 09:46,356692775,1397060484
19/03/2018 09:44,356698081,139706697
19/03/2018 09:41,356704346,1397063858
19/03/2018 09:26,356712865,1397047713
19/03/2018 09:23,356714686,1397036926
19/03/2018 09:19,356714825,1397036288
19/03/2018 09:17,356699393,1397022416
19/03/2018 09:12,356697579,1397026912
19/03/2018 09:09,35670111,1397021075
19/03/2018 08:58,356699265,1397021297
19/03/2018 08:53,356700389,1397020394
19/03/2018 08:49,356727161,1397018617
19/03/2018 08:40,356733255,1397020256
19/03/2018 08:35,356732476,1397020929
19/03/2018 08:33,356751828,1396996566
19/03/2018 08:28,356742072,1396995979
19/03/2018 08:09,35675371,1396994676
19/03/2018 08:05,356747632,1396994977
19/03/2018 08:01,356740375,1397005036
19/03/2018 07:53,356712222,139702796
19/03/2018 07:51,356714887,1397015431
19/03/2018 07:47,356700033,1397019348
19/03/2018 07:44,356708815,1397028388
19/03/2018 07:41,356715506,139703292
19/03/2018 07:37,35671408,139706682
19/03/2018 07:31,356712485,1397057901
19/03/2018 07:28,356710695,1397064647
19/03/2018 07:25,356717038,1397077643
19/03/2018 07:22,35671658,139707798
19/03/2018 07:20,356689574,1397076072
19/03/2018 07:17,356691446,1397059287
19/03/2018 07:13,356681254,13970701
19/03/2018 06:54,356689069,1397078051
19/03/2018 06:44,35668301,1397072638
19/03/2018 06:31,356696503,1397082164
19/03/2018 05:25,356686088,1397057472
19/03/2018 05:15,356690241,1397078285
19/03/2018 05:10,356690656,1397078598
19/03/2018 05:07,356699394,1397083689
19/03/2018 05:04,356689394,1397078259
19/03/2018 05:01,356682904,1397077067
19/03/2018 04:54,356659029,1397050775
19/03/2018 04:51,356663736,1397058919
19/03/2018 04:49,356656392,139704718
19/03/2018 04:46,356635094,1397018409
19/03/2018 04:43,356640661,139702601
19/03/2018 04:39,356634885,1397017967
19/03/2018 04:36,356632656,139701146
19/03/2018 04:31,356599067,1396999566
19/03/2018 04:27,356605701,1397007922
19/03/2018 04:24,356597751,1397001741
19/03/2018 04:15,356595621,1396995767
19/03/2018 04:13,356597278,1396996465
19/03/2018 04:07,356588917,1397023389
19/03/2018 04:06,356594437,1396998017
19/03/2018 04:03,356593008,1397013006
19/03/2018 03:58,356590981,1397025208
19/03/2018 03:38,356584695,1397024963
19/03/2018 03:20,356589248,1397028727
19/03/2018 03:17,356588377,1397026684
19/03/2018 03:12,356710128,1397221857
19/03/2018 03:06,356538735,1397375503
19/03/2018 02:47,356710284,1397699071
19/03/2018 02:43,356907987,139778539
19/03/2018 02:37,356908021,1397784909
19/03/2018 02:31,356911736,1397806128
18/03/2018 14:36,356912094,1397806065
18/03/2018 14:31,356909536,1397792046
18/03/2018 14:25,35697781,1397742182
18/03/2018 14:21,356987535,139773887
18/03/2018 14:18,35697979,1397740818
18/03/2018 13:57,356983116,139774943
18/03/2018 13:53,356983142,1397749301
18/03/2018 13:39,356983445,1397748005
18/03/2018 13:26,356983092,1397749559
18/03/2018 13:24,356976704,1397741438
18/03/2018 13:20,356977272,1397741098
18/03/2018 13:18,356983097,1397749476
18/03/2018 12:56,356983108,1397749436
18/03/2018 12:53,356983321,1397748472
18/03/2018 12:36,356983154,1397749031
18/03/2018 12:26,356983115,1397749453
18/03/2018 12:23,356983398,1397748054
18/03/2018 12:09,356976556,1397739728
18/03/2018 11:58,356979189,1397740947
18/03/2018 11:52,356980649,1397734518
18/03/2018 11:50,356986468,1397740076
18/03/2018 11:47,356911648,1397802796
18/03/2018 11:38,356912456,1397792746
18/03/2018 10:32,356912865,1397803372
18/03/2018 10:20,356914736,139779333
18/03/2018 10:15,356910953,1397788651
18/03/2018 10:05,357069365,1397777846
18/03/2018 09:59,356634301,1397022597
18/03/2018 09:53,356898136,1397638268
18/03/2018 09:48,356877266,1397056805
18/03/2018 09:43,356756973,139769356
18/03/2018 09:35,356738361,139768287
18/03/2018 09:32,356730458,1397673655
18/03/2018 09:29,356715169,1397661554
18/03/2018 09:26,356712761,1397650002
18/03/2018 09:23,356696049,139762463
18/03/2018 09:20,356695168,1397631497
18/03/2018 09:17,356702748,1397621039
18/03/2018 09:06,356696572,1397627177
18/03/2018 09:00,356684409,1397624867
18/03/2018 08:56,356694617,1397622861
18/03/2018 08:54,356667952,1397602578
18/03/2018 08:39,356670565,1397594051
18/03/2018 08:34,356784193,1397647223
18/03/2018 08:28,356552055,1397099577
18/03/2018 08:20,356867243,1397552484
18/03/2018 08:14,35711826,1397964122
18/03/2018 08:11,357109311,1397970033
18/03/2018 07:46,357114866,1397963868
18/03/2018 07:40,357121195,1397970809
18/03/2018 07:34,357122409,1397970988
18/03/2018 07:30,357127666,1397964579
18/03/2018 07:27,357128353,1397947133
18/03/2018 07:24,357141261,139794342
18/03/2018 07:20,357129039,1397961481
18/03/2018 07:18,357143022,1397964181
18/03/2018 07:14,357122312,1397965648
18/03/2018 07:10,357138022,1397967002
18/03/2018 07:07,357136063,1397965642
18/03/2018 07:03,357125558,1397964756
18/03/2018 06:59,357119118,1397964916
18/03/2018 06:50,357120943,1397965539
18/03/2018 06:39,356600501,1397242468
18/03/2018 06:32,357115588,1397743195
18/03/2018 06:29,357108683,1397734797
18/03/2018 06:26,357124804,1397730143
18/03/2018 06:21,357125817,1397729728
18/03/2018 06:12,357125639,1397728945
18/03/2018 06:09,35712498,1397726821
18/03/2018 06:06,35712469,1397699473
18/03/2018 06:01,357122493,1397707652
18/03/2018 05:43,357127254,1397696095
18/03/2018 05:40,357121941,1397694753
18/03/2018 05:38,357123847,139769509
18/03/2018 05:35,357122953,1397719825
18/03/2018 05:28,357121392,1397704657
18/03/2018 05:25,357120843,1397713324
18/03/2018 05:18,357123732,139772534
18/03/2018 04:48,357122933,1397721553
18/03/2018 04:42,357125817,1397704597
18/03/2018 04:39,357123209,1397706613
18/03/2018 04:32,35712266,1397714766
18/03/2018 04:21,357125022,1397730562
18/03/2018 04:20,3571231,1397721938
18/03/2018 04:17,357115479,1397733738
18/03/2018 04:14,357104706,1397736269
18/03/2018 04:09,357036202,1397681171
18/03/2018 03:58,357074598,1397601784
18/03/2018 03:56,357066954,1397599563
18/03/2018 03:53,357003487,1397642761
18/03/2018 03:45,357008243,1397635083
18/03/2018 03:38,357009196,1397633148
18/03/2018 03:35,357020348,1397608685
18/03/2018 03:32,357020023,1397578998
18/03/2018 03:29,357022559,1397561661
18/03/2018 03:26,357017694,13975491
18/03/2018 03:23,357012745,1397577454
18/03/2018 03:19,357010738,1397583576
18/03/2018 03:17,35700855,1397603225
18/03/2018 03:14,35700309,1397622092
18/03/2018 03:10,356996182,1397642389
18/03/2018 03:02,356993438,1397656573
18/03/2018 02:59,356985337,1397675008
18/03/2018 02:57,356990278,1397708837
18/03/2018 02:54,356985661,139769197
18/03/2018 02:50,356982502,1397704612
18/03/2018 02:46,357000319,139770434
18/03/2018 02:43,357014723,1397708663
18/03/2018 02:38,357006359,1397715465
18/03/2018 02:35,356988193,1397710984
18/03/2018 02:31,356991196,13977122
18/03/2018 02:28,356977792,1397741921
18/03/2018 02:23,356977323,1397751599
18/03/2018 02:19,356908022,1397784909
18/03/2018 02:14,35691165,1397806246
18/03/2018 02:12,356912265,1397796901
18/03/2018 01:42,356911862,1397805847
18/03/2018 01:19,356911203,1397808957
18/03/2018 01:15,356910048,1397807548
18/03/2018 00:49,356914777,1397809485
17/03/2018 18:47,356911263,1397807003
17/03/2018 17:29,356910995,1397806877
17/03/2018 17:15,356903375,1397798322
17/03/2018 17:15,356910215,1397806063
17/03/2018 17:13,356844805,1397839035
17/03/2018 17:11,35679858,1397800057
17/03/2018 17:08,356747046,1397738401
17/03/2018 17:05,356646763,1397603527
17/03/2018 17:03,356599594,1397551566
17/03/2018 17:00,356487815,1397525359
17/03/2018 16:58,356468698,1397472138
17/03/2018 16:55,356363337,139738897
17/03/2018 16:53,356282652,1397375138
17/03/2018 16:51,356117333,1397417871
17/03/2018 16:46,35580451,1397359684
17/03/2018 16:43,35567459,1397360063
17/03/2018 16:39,35553078,1397401136
17/03/2018 16:34,355447269,1397681891
17/03/2018 16:32,355442374,1397678804
17/03/2018 15:45,355448481,1397684358
17/03/2018 15:40,355447174,1397681283
17/03/2018 15:32,355454357,1397697818
17/03/2018 15:20,355451604,1397691224
17/03/2018 15:14,355472984,1397685378
17/03/2018 15:11,355469508,1397686494
17/03/2018 15:08,355470011,1397686455
17/03/2018 15:06,355484107,1397682501
17/03/2018 15:05,355473973,1397684985
17/03/2018 05:11,252634764,553451093
17/03/2018 05:05,252593029,553393071
17/03/2018 05:00,252502069,553586698
17/03/2018 04:36,252497547,553592537
17/03/2018 04:31,252479502,553613841
17/03/2018 04:25,252478951,553613556
17/03/2018 04:05,252478726,553614063
17/03/2018 04:02,252433093,55366668
17/03/2018 03:58,252392737,553787656
16/03/2018 21:03,509033162,44890288
16/03/2018 20:58,509002791,4488192
16/03/2018 20:14,509003374,4488423
16/03/2018 20:03,509000264,44873953
16/03/2018 19:49,509002699,44882211
16/03/2018 19:46,509000013,44873323
16/03/2018 19:44,509001056,4487658
16/03/2018 19:43,508996621,44834743
16/03/2018 19:41,508996221,44859195
16/03/2018 19:32,508991025,44836076
16/03/2018 19:24,508999918,44830982
16/03/2018 19:21,509005323,44823345
16/03/2018 19:16,509004829,44823581
16/03/2018 19:16,508981312,44815488
16/03/2018 19:09,509005404,44823345
16/03/2018 18:52,508980468,44828966
16/03/2018 18:43,508981315,4482703
16/03/2018 18:39,508982178,44816886
16/03/2018 18:31,508980679,44806656
16/03/2018 18:27,508859636,44597147
16/03/2018 18:24,508680882,4495958
16/03/2018 18:17,508743003,46537361
16/03/2018 18:01,509580666,49643582
16/03/2018 17:43,510125411,53522822
16/03/2018 17:39,510054089,54448826
16/03/2018 17:36,509859468,55219832
16/03/2018 17:27,509541305,57447339
16/03/2018 17:19,509084794,5764643
16/03/2018 17:17,50888242,57404258
16/03/2018 17:15,508583081,57143117
16/03/2018 17:13,508526319,57055129
16/03/2018 17:13,508507161,5706442
16/03/2018 16:51,508506484,57065164
16/03/2018 16:33,508500828,57067433
16/03/2018 16:28,508507161,5706442
16/03/2018 16:28,508514264,57061321
16/03/2018 16:26,508590415,57133791
16/03/2018 16:22,508731664,57182149
16/03/2018 16:15,509526226,57880564
16/03/2018 16:11,509584368,58180625
16/03/2018 16:09,509617695,58374398
16/03/2018 16:05,509779529,58456634
16/03/2018 16:05,509783199,58446186
15/03/2018 20:56,509783403,58447029
15/03/2018 19:56,509783617,58445555
15/03/2018 16:54,509783337,58445105
15/03/2018 16:50,509793144,58434403
15/03/2018 16:49,509790344,58437727
15/03/2018 16:47,509811327,58433233
15/03/2018 16:43,509912698,58546667
15/03/2018 16:41,509978439,58619511
15/03/2018 16:38,510008407,58590728
15/03/2018 16:38,509999378,58598549
15/03/2018 16:29,510007529,58590797
15/03/2018 16:23,510008407,58590728
15/03/2018 16:23,510012298,58591663
15/03/2018 16:21,510062565,58536486
15/03/2018 16:18,510128154,58365616
15/03/2018 16:13,5103216,58092745
15/03/2018 16:10,510348574,58041913
15/03/2018 16:08,510413548,57837927
15/03/2018 16:05,510414184,57791194
15/03/2018 16:02,510431501,57767228
15/03/2018 16:02,510426734,57769967
15/03/2018 10:46,510431822,57767277
15/03/2018 10:28,510432112,57767611
15/03/2018 10:26,510429804,57768249
15/03/2018 10:23,510409185,57867544
15/03/2018 10:20,510311087,58063657
15/03/2018 10:18,510312649,58130859
15/03/2018 10:15,510200378,58287664
15/03/2018 10:13,510114296,583877
15/03/2018 10:10,510058906,58528306
15/03/2018 10:08,510012115,58590464
15/03/2018 10:08,510026468,58597794
15/03/2018 10:03,510010439,58588765
15/03/2018 09:59,510011025,58589785
15/03/2018 09:58,510009964,58589994
15/03/2018 09:57,509970849,58611165
15/03/2018 09:54,509865625,58495108
15/03/2018 09:52,509796636,58427666
15/03/2018 09:49,509796879,58430907
15/03/2018 09:47,509796119,58427749
15/03/2018 09:46,509788148,58442521
14/03/2018 18:03,509782002,5844925
14/03/2018 17:58,509783654,58445657
14/03/2018 17:57,509763959,58454159
14/03/2018 17:56,509777147,58456176
14/03/2018 17:54,509764626,58463705
14/03/2018 17:52,509751159,58437678
14/03/2018 17:49,509763959,58454159
14/03/2018 17:49,509754113,58444014
14/03/2018 17:47,509719855,5841445
14/03/2018 17:42,50971129,58411367
14/03/2018 17:40,509694311,58442283
14/03/2018 17:35,509442112,58391526
14/03/2018 17:29,509195383,58921561
14/03/2018 17:22,50891802,59744929
14/03/2018 17:17,508910829,59749333
14/03/2018 17:13,508918813,59744874
14/03/2018 17:11,508925712,59717231
14/03/2018 14:57,508928134,5970676
14/03/2018 14:00,508920687,59707299
14/03/2018 13:55,508924574,59702338
14/03/2018 12:45,508921157,59713351
14/03/2018 12:25,508923704,5971926
14/03/2018 12:21,508923672,59708812
14/03/2018 12:19,508918124,5970861
14/03/2018 12:02,508923716,5972058
14/03/2018 11:58,508924231,59719994
14/03/2018 10:43,508929495,59707435
14/03/2018 08:18,508925406,59715005
14/03/2018 08:15,508920268,59728924
14/03/2018 08:11,508912122,59735558
14/03/2018 08:10,508889748,59575657
14/03/2018 08:05,509016564,59306498
14/03/2018 07:59,509389946,58756684
14/03/2018 07:55,509539542,58352443
14/03/2018 07:50,509901218,58494744
14/03/2018 07:49,510009977,58589653
14/03/2018 07:46,510011673,58587895
14/03/2018 07:40,510009381,58590336
14/03/2018 07:38,509935462,58570766
14/03/2018 07:36,509864273,58492339
14/03/2018 07:35,509799047,58420499
14/03/2018 07:31,509800493,5842166
14/03/2018 07:29,509798298,58419759
14/03/2018 07:29,509783268,58446263
14/03/2018 07:28,509788566,584415
13/03/2018 23:15,509781637,58447232
13/03/2018 23:09,509782748,58449007
13/03/2018 15:42,509783709,58445535
13/03/2018 15:36,509783843,58445873
13/03/2018 15:35,509802144,58422236
13/03/2018 15:31,509868477,58495531
13/03/2018 15:29,509909596,585396
13/03/2018 15:27,509968207,58561494
13/03/2018 15:25,510012521,58591463
13/03/2018 15:24,509999067,58588993
13/03/2018 15:19,51001323,58590414
13/03/2018 15:14,510012243,58591058
13/03/2018 15:14,510012521,58591463
13/03/2018 15:14,510018014,58592347
13/03/2018 15:10,509506667,57923156
13/03/2018 15:07,509194443,57501229
13/03/2018 15:02,508535973,57030874
13/03/2018 15:01,508505998,57049518
13/03/2018 14:51,508506326,57051027
13/03/2018 14:45,508503667,57048142
13/03/2018 14:43,508517875,56943125
13/03/2018 14:39,508545956,5684575
13/03/2018 14:37,508492046,56777008
13/03/2018 14:35,508503224,56696149
13/03/2018 14:34,508540991,56732472
13/03/2018 14:24,50854148,56717133
13/03/2018 09:23,508541057,56735321
13/03/2018 09:20,508542234,56727103
13/03/2018 09:18,508540995,5672712
13/03/2018 09:16,508501867,56701637
13/03/2018 09:14,508491058,56751182
13/03/2018 09:11,508547721,56845043
13/03/2018 09:09,508547119,56900142
13/03/2018 09:07,508526352,56940699
13/03/2018 09:05,508513483,57041355
13/03/2018 08:59,508597901,5708585
13/03/2018 08:57,508902669,57384159
13/03/2018 08:54,509308613,57491851
13/03/2018 08:52,509491421,57894619
13/03/2018 08:49,509925924,58496524
13/03/2018 08:47,510008379,5858685
13/03/2018 08:45,51000745,58580307
13/03/2018 08:41,510008849,58587515
13/03/2018 08:40,509981988,58569706
13/03/2018 08:38,509936031,58572371
13/03/2018 08:35,509874601,58506457
13/03/2018 08:33,509798207,58423783
13/03/2018 08:33,50980693,5843031
13/03/2018 08:31,509783827,58446427
13/03/2018 08:28,509798543,58427155
13/03/2018 08:25,509802684,58422007
13/03/2018 08:22,50980304,58422266
13/03/2018 08:17,509797765,58421497
13/03/2018 08:17,509792218,58435552
12/03/2018 23:16,509783374,58446162
12/03/2018 22:40,509783633,58446305
12/03/2018 22:13,509782695,58446662
12/03/2018 22:05,509783655,58446797
12/03/2018 21:07,509786955,58448664
12/03/2018 18:42,509783547,58445886
12/03/2018 18:00,509779866,58446651
12/03/2018 17:58,509780643,58449721
12/03/2018 17:55,509768178,58468836
12/03/2018 17:55,509774923,58455863
12/03/2018 17:53,509754952,58445912
12/03/2018 17:51,509740301,58427943
12/03/2018 17:48,509720763,58415581
12/03/2018 17:46,509713263,58406338
12/03/2018 17:43,509710039,58416265
12/03/2018 17:41,509699514,58435752
12/03/2018 17:36,509581546,58377405
12/03/2018 17:31,509384797,5878332
12/03/2018 17:29,509195732,58919739
12/03/2018 17:21,508913697,5974788
12/03/2018 17:15,508909707,59744738
12/03/2018 17:13,508909925,5974533
12/03/2018 17:11,508921098,59754489
12/03/2018 17:09,508917612,59750004
12/03/2018 17:08,508932327,59721483
12/03/2018 15:07,508925025,59707986
12/03/2018 12:23,508920766,59706264
12/03/2018 12:11,508925454,59715013
12/03/2018 10:37,50892102,59704867
12/03/2018 10:34,508928369,59706365
12/03/2018 08:19,508921455,59704261
12/03/2018 08:17,508922326,59716494
12/03/2018 08:14,508919229,59729796
12/03/2018 08:09,50890787,5973595
12/03/2018 08:08,508867451,59591221
12/03/2018 08:03,509016574,59306484
12/03/2018 07:57,509389769,58757646
12/03/2018 07:54,509615061,58377008
12/03/2018 07:52,509671137,58429304
12/03/2018 07:49,509885613,58521174
12/03/2018 07:47,510006603,5859019
12/03/2018 07:43,510009393,58583929
12/03/2018 07:40,510014857,58591821
12/03/2018 07:38,510006603,5859019
12/03/2018 07:38,510004173,58592891
12/03/2018 07:35,509865378,58493244
12/03/2018 07:33,509801604,58422174
12/03/2018 07:31,509783113,58446629
12/03/2018 07:30,509790624,58435861
11/03/2018 21:20,509784616,58446456
11/03/2018 21:14,509781248,58445683
10/03/2018 16:32,509783528,58444445
10/03/2018 16:29,509793202,58432945
10/03/2018 16:27,509793137,58437198
10/03/2018 16:25,50987038,58498343
10/03/2018 16:23,509976422,58615521
10/03/2018 16:21,51001603,58591438
10/03/2018 16:20,510007083,58589099
10/03/2018 16:18,510014094,58591332
10/03/2018 16:15,510027854,58595818
10/03/2018 16:15,510018094,58591625
10/03/2018 16:12,509879778,58428836
10/03/2018 16:07,509308891,57492227
10/03/2018 16:05,508944185,57371758
10/03/2018 16:02,508546952,57035247
10/03/2018 16:01,508510032,57047062
10/03/2018 15:53,508510793,57048884
10/03/2018 15:48,508510745,57046218
10/03/2018 15:45,50854571,56990341
10/03/2018 15:43,508579106,56825939
10/03/2018 15:40,508541148,56735659
10/03/2018 08:49,508540481,56736274
10/03/2018 08:44,508540768,56736383
10/03/2018 08:40,508508787,56692751
10/03/2018 08:38,508513218,56800628
10/03/2018 08:36,508538617,56873426
10/03/2018 08:33,508511473,57015393
10/03/2018 08:33,508504367,57046418
10/03/2018 08:23,508502655,57046455
10/03/2018 08:20,508503114,5704988
10/03/2018 08:17,508504069,57049646
10/03/2018 08:14,508704044,57062656
10/03/2018 08:09,509225361,57521895
10/03/2018 08:04,509543615,58044359
10/03/2018 07:59,509930341,58494303
10/03/2018 07:54,510013589,58594147
10/03/2018 07:46,510017668,58593985
10/03/2018 07:43,510013589,58594147
10/03/2018 07:43,510009954,58595975
10/03/2018 07:39,509796998,58419291
10/03/2018 07:38,509783297,58446071
09/03/2018 09:26,509782297,58446781
09/03/2018 09:16,509783515,58447736
09/03/2018 08:16,509783297,58446071
08/03/2018 23:12,50978346,58445849
08/03/2018 18:27,509782431,58446832
08/03/2018 17:26,509783937,58445302
08/03/2018 17:16,509782849,58445323
08/03/2018 17:13,509781815,58413755
08/03/2018 17:11,509782895,58425751
08/03/2018 17:10,509786356,58381652
08/03/2018 17:07,509779646,58348395
08/03/2018 17:04,509766388,5832388
08/03/2018 17:02,509758381,5829886
08/03/2018 16:59,509749478,58263071
08/03/2018 16:55,50975095,58249596
08/03/2018 16:49,509217465,57491186
08/03/2018 16:44,508594382,57067967
08/03/2018 16:42,508505218,5705192
08/03/2018 16:34,508505211,57054269
08/03/2018 16:31,508504996,57052727
08/03/2018 16:30,508504395,57051502
08/03/2018 16:28,508516597,56909693
08/03/2018 16:24,508540716,56838494
08/03/2018 16:22,508492289,56756727
08/03/2018 16:18,508526666,56714022
08/03/2018 16:18,508542447,56732647
08/03/2018 15:52,508541383,56720971
08/03/2018 09:26,50854321,56735312
08/03/2018 09:23,508541326,56737325
08/03/2018 09:20,508541557,56716386
08/03/2018 09:20,508541212,56726181
08/03/2018 09:18,508504653,56698809
08/03/2018 09:15,508520768,56810788
08/03/2018 09:13,508546274,56852115
08/03/2018 09:09,508542876,56940801
08/03/2018 09:07,508519809,56942646
08/03/2018 09:06,50851175,57042346
08/03/2018 09:05,508504268,57046866
08/03/2018 09:01,508511713,57045117
08/03/2018 08:59,50860038,57075588
08/03/2018 08:57,508901823,57384667
08/03/2018 08:55,509204248,57518609
08/03/2018 08:47,509995921,58572286
08/03/2018 08:34,51001426,58584193
08/03/2018 08:30,510011914,58587265
08/03/2018 08:30,510009674,58590586
08/03/2018 08:27,509918508,58553415
08/03/2018 08:25,509829578,5845625
08/03/2018 08:23,509798,58422744
08/03/2018 08:21,509801393,58421679
08/03/2018 08:19,509801401,58422772
08/03/2018 08:17,50979793,58422838
08/03/2018 08:17,50978333,5844603
08/03/2018 08:17,509789392,58440068
07/03/2018 18:28,509784018,58445128
07/03/2018 18:23,509783199,58446581
07/03/2018 18:22,509773883,5845922
07/03/2018 18:20,509760765,58459334
07/03/2018 18:17,509749797,58436152
07/03/2018 18:15,509732355,58417925
07/03/2018 18:13,509716248,58421747
07/03/2018 18:10,509700247,58435615
07/03/2018 18:05,50958912,58326587
07/03/2018 17:59,509074049,59246143
07/03/2018 17:56,509086605,59233964
07/03/2018 17:54,508914394,59685053
07/03/2018 17:52,508914385,59684191
07/03/2018 17:51,508910995,59745466
07/03/2018 17:43,508909389,59743691
07/03/2018 17:37,50891313,59746828
07/03/2018 17:37,508921288,59710249
07/03/2018 08:14,508919845,59723593
07/03/2018 08:12,508904981,5973219
07/03/2018 08:09,50890878,59737276
07/03/2018 08:09,508898349,59701082
07/03/2018 08:04,509017166,59304372
07/03/2018 07:55,509672445,58429266
07/03/2018 07:51,509676232,58425698
07/03/2018 07:49,509923132,58524423
07/03/2018 07:48,510010386,5858945
07/03/2018 07:46,510012023,58589174
07/03/2018 07:42,510013114,58590236
07/03/2018 07:40,510010196,58589592
07/03/2018 07:36,509881795,58512394
07/03/2018 07:35,509820892,58445223
07/03/2018 07:32,509783565,5844604
07/03/2018 07:31,50979061,58437783
06/03/2018 21:00,509783438,58444932
06/03/2018 15:19,509782272,58448204
06/03/2018 14:45,509788694,58442377
06/03/2018 14:42,509798728,5843686
06/03/2018 14:39,509881044,58515855
06/03/2018 14:37,509970767,58612904
06/03/2018 14:34,510010012,58590431
06/03/2018 14:34,510000758,58591393
06/03/2018 14:31,510006531,5858938
06/03/2018 14:20,510009679,58589941
06/03/2018 14:15,510011756,58590508
06/03/2018 14:15,510062479,58908333
06/03/2018 14:10,509511645,57679354
06/03/2018 14:05,508819315,57472677
06/03/2018 14:02,508503321,57049487
06/03/2018 13:39,508505822,5704675
06/03/2018 13:35,508498719,57054505
06/03/2018 13:34,50850156,57051634
06/03/2018 13:31,508511722,57044132
06/03/2018 13:29,508516215,5690691
06/03/2018 13:26,508540759,56888497
06/03/2018 13:24,508503644,56785392
06/03/2018 13:22,50848995,56716043
06/03/2018 13:19,508540869,5673207
06/03/2018 13:12,508539558,56713784
06/03/2018 09:25,508541007,56726909
06/03/2018 09:21,508540849,56733323
06/03/2018 09:18,508540947,56723779
06/03/2018 09:16,508489465,56727227
06/03/2018 09:14,508501989,56781749
06/03/2018 09:12,508541047,56887708
06/03/2018 09:09,508542391,56941042
06/03/2018 09:06,508513226,57019509
06/03/2018 09:04,508502804,57046057
06/03/2018 09:01,508515825,57045824
06/03/2018 08:58,508658783,57128657
06/03/2018 08:47,510013745,58586465
06/03/2018 08:40,510016865,58582621
06/03/2018 08:35,510012567,58589089
06/03/2018 08:33,510003141,58582726
06/03/2018 08:30,509982882,58624855
06/03/2018 08:28,509919977,58553579
06/03/2018 08:26,509865036,58492991
06/03/2018 08:24,509820149,58445826
06/03/2018 08:19,509782996,58446291
06/03/2018 08:17,509785211,58447293
06/03/2018 00:01,509782875,58447479
05/03/2018 23:53,509780721,58446195
05/03/2018 22:15,509782698,58447105